{"cameraMode":{"drawMode":0,"name":"Shaded","section":"Shading Mode"},"sceneLighting":false,"audioPlay":false,"sceneViewState":{"showFog":true,"showMaterialUpdate":false,"showSkybox":false,"showFlares":true,"showImageEffects":true,"showParticleSystems":true},"in2DMode":false,"pivot":{"x":0.07517796754837036,"y":0.9235058426856995,"z":0.6703066229820252},"rotation":{"x":0.050101861357688907,"y":0.40714702010154726,"z":-0.022374117746949197,"w":0.9117149710655212},"size":0.6567942500114441,"orthographic":true}