{"cameraMode":{"drawMode":0,"name":"Shaded","section":"Shading Mode"},"sceneLighting":false,"audioPlay":false,"sceneViewState":{"showFog":true,"showMaterialUpdate":false,"showSkybox":true,"showFlares":true,"showImageEffects":true,"showParticleSystems":true},"in2DMode":false,"pivot":{"x":-2.324765682220459,"y":1.0315883159637452,"z":-1.4393141269683838},"rotation":{"x":-0.22406810522079469,"y":-0.4693441390991211,"z":0.12447727471590042,"w":-0.8450196981430054},"size":0.29462915658950808,"orthographic":false}