{"cameraMode":{"drawMode":0,"name":"Shaded","section":"Shading Mode"},"sceneLighting":false,"audioPlay":false,"sceneViewState":{"showFog":true,"showMaterialUpdate":false,"showSkybox":false,"showFlares":true,"showImageEffects":true,"showParticleSystems":true},"in2DMode":false,"pivot":{"x":4.899999618530273,"y":2.650557518005371,"z":-2.3999996185302736},"rotation":{"x":0.29273614287376406,"y":0.25824663043022158,"z":-0.08243871480226517,"w":0.9169886112213135},"size":4.937392234802246,"orthographic":false}