{"cameraMode":{"drawMode":0,"name":"Shaded","section":"Shading Mode"},"sceneLighting":false,"audioPlay":false,"sceneViewState":{"showFog":true,"showMaterialUpdate":false,"showSkybox":true,"showFlares":true,"showImageEffects":true,"showParticleSystems":true},"in2DMode":false,"pivot":{"x":-68.7066650390625,"y":57.218814849853519,"z":-27.631607055664064},"rotation":{"x":0.0016136043705046177,"y":0.9892662167549133,"z":-0.14588239789009095,"w":0.011269609443843365},"size":7.98366641998291,"orthographic":false}