{"cameraMode":{"drawMode":0,"name":"Shaded","section":"Shading Mode"},"sceneLighting":true,"audioPlay":false,"sceneViewState":{"showFog":true,"showMaterialUpdate":false,"showSkybox":true,"showFlares":true,"showImageEffects":true,"showParticleSystems":true},"in2DMode":false,"pivot":{"x":-20.646709442138673,"y":3.842970609664917,"z":-4.214214324951172},"rotation":{"x":-0.08222498744726181,"y":0.6981666684150696,"z":-0.08119206130504608,"w":-0.7066217064857483},"size":3.389535903930664,"orthographic":false}