{"cameraMode":{"drawMode":0,"name":"Shaded","section":"Shading Mode"},"sceneLighting":false,"audioPlay":false,"sceneViewState":{"showFog":true,"showMaterialUpdate":false,"showSkybox":false,"showFlares":true,"showImageEffects":true,"showParticleSystems":true},"in2DMode":false,"pivot":{"x":-0.061336252838373187,"y":0.07480309903621674,"z":0.21382121741771699},"rotation":{"x":-0.11239707469940186,"y":0.6135827898979187,"z":-0.08876200765371323,"w":-0.7765749096870422},"size":0.7674083113670349,"orthographic":false}